CUSTOMER_ID,NAME,SIGNUP_DATE,CUSTOMER_TENURE_DAYS,TXN_COUNT,TOTAL_SPENT,AVG_ORDER_VALUE,LAST_TXN_DATE,DAYS_SINCE_LAST_TXN,AVG_FEEDBACK_RATING,SUPPORT_TICKET_COUNT,CHURN_RISK_CATEGORY
C0194,Angelica Keith,2023-12-28,582,2,1304.22,652.11,2025-01-31,182.0,,1,High Risk
C0476,Julie Dominguez,2023-09-22,679,4,7388.0,461.75,2025-06-30,32.0,2.0,2,Medium Risk
C0113,Julia Torres,2022-12-02,973,3,3941.22,656.87,2025-07-06,26.0,4.5,1,Low Risk
C0222,Jeremy Dalton,2023-09-23,678,4,9979.2,623.7,2025-07-03,29.0,1.0,4,Low Risk
C0166,John Anderson,2024-04-14,474,4,15375.6,384.39,2025-04-25,98.0,5.0,5,High Risk
C0435,Ashley Wise,2023-03-23,862,4,4682.5599999999995,585.3199999999999,2025-03-11,143.0,,2,High Risk
C0319,Stephen Hoffman,2023-09-20,681,4,1424.55,356.1375,2025-06-20,42.0,5.0,1,Medium Risk
C0055,Shannon Jones,2024-01-17,562,4,3462.66,432.8325,2025-03-22,132.0,5.0,2,High Risk
C0359,Christian Leblanc,2023-08-31,701,5,7360.96,736.096,2025-05-14,79.0,2.5,0,Medium Risk
C0266,Joshua Reed,2023-10-10,661,3,1883.9,627.9666666666667,2025-06-30,32.0,,1,Medium Risk
C0458,Brenda Thornton,2023-07-25,738,1,487.38,243.69,2025-02-05,177.0,,2,High Risk
C0467,Jason Beck,2023-02-23,890,3,726.3,121.05,2025-03-17,137.0,3.0,0,High Risk
C0162,Jennifer Adkins,2024-04-28,460,2,2325.6400000000003,581.4100000000001,2025-01-13,200.0,2.0,1,High Risk
C0481,Dawn Mullins,2023-02-11,902,1,6644.72,830.59,2025-07-13,19.0,3.25,2,Low Risk
C0323,Johnathan Davis,2022-11-03,1002,3,1915.51,638.5033333333333,2024-11-04,270.0,4.0,1,High Risk
C0051,Jessica Holmes,2024-06-05,422,1,457.68,457.68,2024-09-22,313.0,,1,High Risk
C0418,Carrie Wright,2022-12-19,956,2,581.62,290.81,2024-12-28,216.0,4.0,1,High Risk
C0088,Christopher Bass,2024-01-23,556,2,654.3,163.575,2024-10-07,298.0,,2,High Risk
C0120,Jeffrey Chandler,2022-08-26,1071,4,4816.34,602.0425,2025-02-10,172.0,2.0,2,High Risk
C0491,Heather Williams,2023-04-08,846,3,1001.8100000000001,333.93666666666667,2025-05-15,78.0,5.0,1,Medium Risk
C0398,Gary Jackson,2023-11-07,633,2,262.57,131.285,2025-01-09,204.0,,0,High Risk
C0002,Noah Rhodes,2023-04-25,829,3,2832.1800000000003,472.03000000000003,2025-02-03,179.0,4.0,1,High Risk
C0404,Kathleen Webster,2023-12-24,586,4,4786.8,598.35,2025-06-16,46.0,2.5,1,Medium Risk
C0128,Jason Powell,2023-03-21,864,2,1347.54,224.59,2025-06-01,61.0,,3,Medium Risk
C0486,Jonathan Glass MD,2023-09-08,693,2,2323.54,580.885,2025-04-08,115.0,3.0,1,High Risk
C0132,Dustin Jordan,2023-04-08,846,1,794.34,397.17,2025-04-13,110.0,2.5,1,High Risk
C0096,Anna Henderson,2022-09-09,1057,3,9914.94,550.83,2025-05-28,65.0,4.0,3,Medium Risk
C0311,Dr. Paul Morgan,2023-10-31,640,3,3125.84,520.9733333333334,2025-06-02,60.0,4.0,2,Medium Risk
C0226,Benjamin Smith,2023-07-11,752,6,8355.3,696.275,2025-05-29,64.0,3.0,0,Medium Risk
C0224,Theresa Clark,2023-03-18,867,4,4988.32,623.54,2024-12-28,216.0,4.0,2,High Risk
C0432,Jack White,2023-08-20,712,3,2216.02,369.33666666666664,2025-04-14,109.0,4.0,2,High Risk
C0330,Ariana Jennings,2022-08-18,1079,3,1646.76,548.92,2025-07-10,22.0,,1,Low Risk
C0393,Brian Smith,2023-07-22,741,1,670.92,670.92,2025-04-16,107.0,5.0,1,High Risk
C0202,Ricky Davis II,2023-06-20,773,3,1297.24,432.41333333333336,2025-03-12,142.0,1.0,1,High Risk
C0059,Brent Jordan,2023-11-21,619,6,33009.4,550.1566666666666,2025-04-05,118.0,3.5,5,High Risk
C0108,Sierra Johnson,2024-04-17,471,3,827.85,275.95,2025-01-31,182.0,2.0,1,High Risk
C0098,Deborah Figueroa,2023-03-17,868,5,1771.04,354.20799999999997,2025-06-23,39.0,1.0,1,Medium Risk
C0378,Paula Bradley,2023-12-30,580,3,12642.88,526.7866666666666,2025-06-18,44.0,3.5,2,Medium Risk
C0289,Lisa Allen,2024-02-27,521,4,3025.54,378.1925,2025-05-08,85.0,,2,Medium Risk
C0270,Patrick Thornton,2023-02-17,896,2,1142.46,571.23,2025-04-15,108.0,1.0,0,High Risk
C0087,Shirley Suarez,2024-01-21,558,4,2905.3599999999997,363.16999999999996,2025-05-14,79.0,5.0,2,Medium Risk
C0178,Michael Wang,2023-10-01,670,3,1025.48,170.91333333333333,2025-06-06,56.0,,2,Medium Risk
C0472,Richard Cooper,2023-07-28,735,2,2093.07,348.845,2024-08-19,347.0,2.666667,1,High Risk
C0443,Robert Harrison,2024-06-21,406,5,3670.92,367.092,2025-01-27,186.0,2.0,2,High Risk
C0239,Sara Johnston,2023-01-22,922,3,33293.88,924.8299999999999,2025-03-07,147.0,2.0,6,High Risk
C0370,Sabrina Austin,2022-10-07,1029,2,800.89,400.445,2025-05-05,88.0,3.0,0,Medium Risk
C0479,Curtis Williams,2024-03-22,497,1,545.76,136.44,2025-02-01,181.0,4.0,2,High Risk
C0349,James Parks,2023-05-15,809,5,3860.5,386.05,2025-06-19,43.0,3.5,0,Medium Risk
C0165,Michael Powell,2022-08-14,1083,2,1689.3400000000001,422.33500000000004,2024-10-22,283.0,,2,High Risk
C0112,Shannon Walker,2023-10-13,658,1,3013.2,502.2,2025-06-23,39.0,2.666667,2,Medium Risk
C0413,Julian Conner,2023-03-14,871,1,4621.19,660.17,2024-09-24,311.0,,7,High Risk
C0452,Courtney Hayes,2023-12-24,586,2,1353.63,676.815,2025-02-21,161.0,5.0,1,High Risk
C0450,Phillip Nelson,2024-05-17,441,4,9943.74,414.3225,2025-07-11,21.0,3.0,3,Low Risk
C0017,Holly Wood,2022-10-13,1023,5,4429.68,442.968,2025-05-12,81.0,4.0,2,Medium Risk
C0381,Karla Ramos,2023-10-20,651,3,6549.12,545.76,2025-04-16,107.0,2.0,2,High Risk
C0209,Dr. William Warren,2022-11-02,1003,3,4646.44,387.2033333333333,2025-02-21,161.0,1.0,4,High Risk
C0159,Melissa Gates,2024-06-13,414,2,1431.06,715.53,2025-04-05,118.0,,1,High Risk
C0269,Cynthia Rowe,2022-08-22,1075,3,38196.32,795.7566666666667,2025-03-21,133.0,3.25,4,High Risk
C0498,James Bradley,2024-01-19,560,4,4657.34,582.1675,2025-02-08,174.0,3.5,0,High Risk
C0250,Kimberly Gutierrez,2024-02-26,522,3,5165.3099999999995,573.9233333333333,2025-05-11,82.0,4.0,1,Medium Risk
C0172,Darlene Miller,2024-03-03,516,1,566.67,566.67,2024-10-25,280.0,,0,High Risk
C0464,Taylor Carlson,2023-01-04,940,2,2361.2200000000003,590.3050000000001,2025-05-14,79.0,2.0,2,Medium Risk
C0196,Allen Rosales,2023-03-02,883,1,455.24,455.24,2024-10-27,278.0,5.0,1,High Risk
C0115,Garrett Lin,2022-10-22,1014,2,1396.38,698.19,2025-03-16,138.0,1.0,1,High Risk
C0385,Aimee Turner,2024-03-13,506,2,9545.92,596.62,2025-02-20,162.0,2.75,2,High Risk
C0288,Carolyn Miller,2023-04-24,830,6,6064.78,505.3983333333333,2025-06-16,46.0,3.0,1,Medium Risk
C0173,Joshua Cooke,2023-10-04,667,2,2064.22,516.055,2025-02-01,181.0,,2,High Risk
C0046,Philip Cannon,2024-01-16,563,4,2344.7,586.175,2025-06-28,34.0,,1,Medium Risk
C0029,Zachary Hicks,2022-12-16,959,5,11613.68,580.684,2025-05-16,77.0,,4,Medium Risk
C0085,Zachary Ferrell,2023-03-11,874,1,945.17,945.17,2024-08-09,357.0,,1,High Risk
C0490,Lance Simmons,2024-04-09,479,2,9286.83,515.935,2025-05-26,67.0,3.666667,3,Medium Risk
C0182,Tina Sanders,2022-08-06,1091,1,2518.8,314.85,2025-02-25,157.0,2.5,4,High Risk
C0400,Hannah Luna,2024-04-27,461,1,1975.84,493.96,2025-06-22,40.0,1.0,2,Medium Risk
C0422,Maria Jones,2023-10-31,640,5,9240.72,616.048,2025-05-01,92.0,4.0,1,High Risk
C0146,Joyce Solis,2023-11-03,637,2,3540.44,885.11,2025-05-02,91.0,3.0,2,High Risk
C0122,Kenneth Scott,2022-10-18,1018,3,4794.0,799.0,2025-01-18,195.0,2.0,2,High Risk
C0104,Christine Wright,2023-08-19,713,1,1324.36,331.09,2025-04-05,118.0,3.0,4,High Risk
C0007,Abigail Shaffer,2023-01-23,921,5,2840.74,284.07399999999996,2025-06-14,48.0,,2,Medium Risk
C0117,William Herrera,2023-08-08,724,4,1422.77,355.6925,2025-04-20,103.0,,1,High Risk
C0356,Jesse Perez,2023-08-12,720,4,3302.8,412.85,2025-03-23,131.0,,2,High Risk
C0061,Victoria Garcia,2024-03-21,498,3,5196.12,288.67333333333335,2025-03-30,124.0,1.0,6,High Risk
C0333,Jordan Bates,2024-01-19,560,1,214.82,107.41,2024-10-17,288.0,1.5,1,High Risk
C0072,Whitney Peters,2022-08-03,1094,4,10502.08,328.19,2025-03-21,133.0,2.25,2,High Risk
C0313,Shannon Ramsey,2022-10-21,1015,3,14484.16,603.5066666666667,2025-06-07,55.0,2.5,4,Medium Risk
C0328,Trevor Johnson,2023-08-06,726,4,3548.8199999999997,443.60249999999996,2025-01-05,208.0,4.5,0,High Risk
C0195,John Bishop,2023-05-25,799,3,2903.6,483.93333333333334,2025-03-10,144.0,1.0,2,High Risk
C0469,Katie Mcneil,2022-12-21,954,4,12340.68,771.2925,2025-06-22,40.0,4.0,0,Medium Risk
C0263,Timothy Romero,2023-07-04,759,1,185.38,185.38,2025-02-24,158.0,,0,High Risk
C0020,Carla Gray,2023-02-01,912,3,4453.84,742.3066666666667,2025-06-24,38.0,1.0,2,Medium Risk
C0394,Robert Montgomery,2022-11-23,982,3,1308.25,436.0833333333333,2025-04-29,94.0,1.0,1,High Risk
C0131,Elizabeth Kelley,2023-01-05,939,5,2081.85,416.37,2025-04-16,107.0,4.0,1,High Risk
C0366,Kenneth Lewis,2022-07-26,1102,3,7219.36,601.6133333333333,2025-05-13,80.0,3.0,2,Medium Risk
C0223,Elizabeth Oliver DDS,2022-10-04,1032,4,7978.12,498.6325,2025-07-01,31.0,2.5,2,Medium Risk
C0466,Jeffrey Mendez,2024-03-03,516,3,1829.92,609.9733333333334,2025-07-01,31.0,,0,Medium Risk
C0234,Laura Roberts,2023-02-24,889,1,2645.08,661.27,2024-09-09,326.0,,4,High Risk
C0215,Julie Alexander,2024-05-12,446,5,3397.7599999999998,339.77599999999995,2025-05-04,89.0,,2,Medium Risk
C0004,Daniel Wagner,2023-03-15,870,4,2678.07,669.5175,2025-02-16,166.0,,1,High Risk
C0076,Sarah Moore,2023-04-26,828,2,3089.7000000000003,514.95,2025-04-14,109.0,4.666667,1,High Risk
C0008,Gina Moore,2022-10-10,1026,3,3017.8199999999997,502.96999999999997,2025-07-08,24.0,1.0,2,Low Risk
C0161,Paul Castaneda,2023-04-02,852,3,1774.8700000000001,591.6233333333333,2025-07-10,22.0,,1,Low Risk
C0134,Daniel Kennedy,2024-06-08,419,2,681.42,340.71,2024-09-02,333.0,,1,High Risk
C0219,Justin Torres,2024-02-24,524,2,2958.02,739.505,2025-05-28,65.0,3.5,0,Medium Risk
C0064,Donald Wright,2023-01-04,940,2,2976.03,496.00500000000005,2025-05-10,83.0,,3,Medium Risk
C0201,Melissa Brewer,2022-11-13,992,3,2790.88,232.57333333333335,2025-03-16,138.0,3.0,2,High Risk
C0129,Cameron Fisher,2024-07-09,388,1,1633.83,544.61,2025-04-11,112.0,5.0,3,High Risk
C0011,Monica Herrera,2022-12-05,970,4,5213.52,434.46000000000004,2025-06-09,53.0,,3,Medium Risk
C0396,Dana Chapman,2023-11-14,626,1,872.05,872.05,2025-02-19,163.0,,1,High Risk
C0075,Amy Silva,2023-10-01,670,2,1920.98,480.245,2025-06-24,38.0,,2,Medium Risk
C0478,Judith Carter,2024-07-08,389,5,1816.88,363.37600000000003,2025-06-03,59.0,,1,Medium Risk
C0039,Elizabeth Fowler,2022-09-20,1046,5,4537.18,453.718,2025-04-21,102.0,5.0,2,High Risk
C0081,Kelly Donovan,2023-11-01,639,3,1449.21,483.07,2025-05-03,90.0,,1,Medium Risk
C0282,Tammie Bright,2022-10-05,1031,3,12100.72,504.19666666666666,2025-01-20,193.0,3.5,4,High Risk
C0296,John Young,2023-09-23,678,2,3914.7200000000003,489.34000000000003,2024-10-19,286.0,1.0,4,High Risk
C0154,Devon Flores,2022-11-10,995,3,1475.6100000000001,491.87000000000006,2025-02-02,180.0,,0,High Risk
C0151,David Wright,2022-11-21,984,1,839.73,839.73,2025-03-11,143.0,2.0,0,High Risk
C0355,Patricia Le,2023-04-01,853,2,1551.03,258.505,2025-01-18,195.0,2.0,3,High Risk
C0235,Michael Lyons,2023-05-08,816,2,2543.92,317.99,2025-05-03,90.0,,4,Medium Risk
C0295,Ryan Gonzalez,2023-09-29,672,4,2288.52,190.71,2025-04-06,117.0,3.0,3,High Risk
C0217,Rodney Morales,2023-05-19,805,2,1064.4099999999999,532.2049999999999,2024-10-29,276.0,4.0,1,High Risk
C0410,Jesse Brown,2022-12-09,966,3,1777.6399999999999,592.5466666666666,2025-05-18,75.0,,0,Medium Risk
C0012,Jamie Arnold,2023-08-05,727,7,4353.57,621.9385714285714,2025-05-28,65.0,,0,Medium Risk
C0216,Anthony Everett,2023-04-08,846,3,2033.25,677.75,2025-05-11,82.0,,1,Medium Risk
C0200,Nathan Freeman,2022-08-29,1068,1,290.31,96.77,2025-02-10,172.0,3.0,0,High Risk
C0199,Adam Vaughan,2023-12-30,580,3,1515.26,505.08666666666664,2025-07-07,25.0,,1,Low Risk
C0470,Jeanette Harrison,2024-01-01,578,1,310.24,310.24,2025-04-23,100.0,4.0,1,High Risk
C0251,Isaiah Avila,2022-11-14,991,4,4824.34,603.0425,2025-05-19,74.0,,2,Medium Risk
C0274,Shelly Alexander,2024-04-28,460,3,1719.92,573.3066666666667,2025-05-18,75.0,,0,Medium Risk
C0272,Veronica Simpson,2023-10-21,650,1,118.64,118.64,2025-04-02,121.0,2.0,0,High Risk
C0442,Joann Ferguson,2023-07-06,757,2,1722.22,430.555,2024-09-10,325.0,5.0,2,High Risk
C0315,Richard Smith,2023-05-15,809,1,1847.06,923.53,2024-11-04,270.0,3.0,1,High Risk
C0424,Mary Escobar,2023-07-15,748,2,4709.88,261.66,2025-03-09,145.0,3.333333,3,High Risk
C0429,Robin Santiago,2022-08-31,1066,1,1911.56,955.78,2024-09-01,334.0,4.0,2,High Risk
C0338,Charles Lester,2023-07-03,760,2,2588.72,647.18,2025-01-07,206.0,1.0,2,High Risk
C0357,Jesse Perry,2024-04-17,471,2,1432.9599999999998,358.23999999999995,2024-12-16,228.0,,2,High Risk
C0345,Kayla Rodriguez,2024-07-06,391,1,271.88,67.97,2025-06-08,54.0,3.5,1,Medium Risk
C0415,Erica Alvarez,2022-11-08,997,1,576.15,576.15,2025-02-26,156.0,3.0,1,High Risk
C0426,Gregory Ponce,2024-05-02,456,3,12665.970000000001,469.11000000000007,2025-03-31,123.0,4.333333,3,High Risk
C0066,Amber Kidd,2022-12-17,958,1,375.36,375.36,2025-03-14,140.0,3.0,0,High Risk
C0097,Aaron Wise,2022-10-19,1017,1,934.54,934.54,2025-04-02,121.0,5.0,1,High Risk
C0158,Jason Stein,2024-01-24,555,3,1934.8600000000001,644.9533333333334,2025-01-18,195.0,1.0,0,High Risk
C0036,Jeffrey Chavez,2024-06-11,416,2,2540.8199999999997,635.2049999999999,2025-03-12,142.0,,2,High Risk
C0119,Victor Baker,2024-05-18,440,2,1781.2199999999998,445.30499999999995,2024-12-18,226.0,2.0,2,High Risk
C0380,Megan Nelson,2022-08-03,1094,3,3189.6800000000003,531.6133333333333,2025-06-30,32.0,,2,Medium Risk
C0364,Nicole Parrish,2023-07-17,746,3,12934.74,718.5966666666667,2024-11-17,257.0,2.5,3,High Risk
C0164,Jeffrey Johnson,2023-09-24,677,2,1433.85,716.925,2025-04-24,99.0,4.0,0,High Risk
C0309,Kiara Mcintyre,2023-11-10,630,3,2111.66,351.9433333333333,2025-05-18,75.0,,2,Medium Risk
C0086,Daniel Baker,2023-05-19,805,2,3179.43,529.905,2025-03-01,153.0,,3,High Risk
C0137,Robert Potter,2022-09-13,1053,2,9421.74,785.145,2025-06-29,33.0,2.5,3,Medium Risk
C0065,Jessica Callahan,2022-10-16,1020,1,400.53,400.53,2025-06-19,43.0,4.0,0,Medium Risk
C0494,Mark Cox,2022-11-04,1001,3,1706.3400000000001,568.7800000000001,2025-01-14,199.0,5.0,1,High Risk
C0188,Samantha Garcia,2023-11-24,616,5,6713.9400000000005,447.59600000000006,2025-06-08,54.0,2.333333,1,Medium Risk
C0307,Edward Burgess,2023-02-16,897,2,1253.88,626.94,2025-06-30,32.0,4.0,0,Medium Risk
C0247,Krista Gibson,2024-01-25,554,2,10125.76,632.86,2024-12-23,221.0,2.75,2,High Risk
C0428,Emily Bennett,2024-01-29,550,4,2266.02,283.2525,2025-05-15,78.0,2.5,1,Medium Risk
C0109,Evelyn Galvan,2024-03-11,508,1,56.1,28.05,2024-09-28,307.0,5.0,2,High Risk
C0455,Alfred Galvan,2024-01-03,576,3,2113.16,352.1933333333333,2025-06-12,50.0,,2,Medium Risk
C0482,Howard Norman,2023-02-22,891,4,1987.16,248.395,2025-04-14,109.0,,2,High Risk
C0073,Brittney Phillips,2023-04-20,834,3,6014.92,501.24333333333334,2025-06-15,47.0,5.0,2,Medium Risk
C0057,Timothy Duncan,2024-07-03,394,1,405.32,405.32,2024-08-26,340.0,,1,High Risk
C0318,Ashley Hall,2023-04-03,851,5,22296.420000000002,743.214,2025-06-29,33.0,3.5,3,Medium Risk
C0483,Evelyn Martinez,2022-10-16,1020,2,884.94,442.47,2024-08-27,339.0,,0,High Risk
C0409,Anthony Romero,2022-10-07,1029,3,1492.08,248.67999999999998,2025-03-17,137.0,,2,High Risk
C0399,Ashley Hicks,2024-03-06,513,2,1957.71,326.285,2025-04-11,112.0,2.333333,1,High Risk
C0069,James Brown,2023-01-13,931,1,698.19,698.19,2025-03-18,136.0,,1,High Risk
C0111,Richard Rodriguez,2023-11-22,618,2,1343.06,335.765,2025-05-16,77.0,2.5,0,Medium Risk
C0474,Evelyn Williams,2023-07-21,742,2,3440.8,860.2,2025-04-11,112.0,5.0,1,High Risk
C0140,Angel Perry,2023-11-19,621,1,205.04,51.26,2025-04-20,103.0,4.0,2,High Risk
C0005,Cristian Santos,2023-11-30,610,1,1979.73,659.91,2025-04-30,93.0,4.333333,1,High Risk
C0329,Jeremy Sampson,2022-08-14,1083,1,984.82,984.82,2025-03-23,131.0,,0,High Risk
C0395,Tamara Davis,2023-08-25,707,3,2280.45,253.38333333333333,2025-07-05,27.0,,3,Low Risk
C0056,Michael Lewis,2024-01-16,563,1,3180.88,397.61,2025-02-10,172.0,3.5,4,High Risk
C0262,Desiree Tyler,2023-08-10,722,5,2204.14,440.828,2025-05-01,92.0,2.0,0,High Risk
C0191,Debra Morton,2023-01-20,924,1,1581.46,790.73,2025-05-29,64.0,1.0,1,Medium Risk
C0473,Lori Ingram,2023-03-17,868,1,1790.1,895.05,2024-10-13,292.0,5.0,0,High Risk
C0185,Lindsay Martinez,2023-11-13,627,1,985.96,492.98,2025-02-18,164.0,1.0,2,High Risk
C0461,Kelsey Rodriguez,2023-02-15,898,4,1536.08,384.02,2025-04-17,106.0,5.0,1,High Risk
C0169,Joel Williams,2022-09-15,1051,1,277.12,277.12,2024-09-27,308.0,,0,High Risk
C0448,Shelly Spencer,2023-12-20,590,2,4368.72,364.06,2025-02-22,160.0,3.333333,2,High Risk
C0242,Matthew Moon,2022-11-15,990,2,5455.2,454.59999999999997,2025-03-27,127.0,3.0,3,High Risk
C0035,Debra Davidson,2022-11-25,980,1,517.54,517.54,2025-02-06,176.0,,1,High Risk
C0475,Robin Thompson,2023-04-10,844,0,,,,,,0,Low Risk
C0283,Jessica Garcia,2023-06-13,780,0,,,,,3.0,1,Low Risk
C0342,Cynthia Morris,2023-08-18,714,2,318.35,159.175,2025-03-15,139.0,2.0,0,High Risk
C0067,Tracy House,2024-03-20,499,1,130.89,130.89,2025-07-02,30.0,3.0,0,Low Risk
C0092,Brian Rodriguez,2024-03-02,517,4,5142.54,642.8175,2025-06-27,35.0,,2,Medium Risk
C0302,Heather Fields,2023-05-10,814,3,5999.37,666.5966666666667,2024-12-23,221.0,4.0,3,High Risk
C0080,Lisa Barnes,2022-10-22,1014,2,1316.31,658.155,2025-07-08,24.0,,0,Low Risk
C0053,Crystal Robinson,2024-05-05,453,1,1529.32,764.66,2025-05-11,82.0,2.5,0,Medium Risk
C0181,Alexander Collins,2023-11-22,618,3,12290.4,682.8,2025-07-04,28.0,2.666667,2,Low Risk
C0310,Dawn Summers,2023-12-24,586,4,10758.54,448.27250000000004,2025-06-24,38.0,3.666667,2,Medium Risk
C0256,Kristen Davis,2024-05-26,432,1,2050.5,410.1,2024-11-12,262.0,2.0,5,High Risk
C0114,Crystal Johnson,2024-03-01,518,2,1216.5,304.125,2025-03-25,129.0,5.0,2,High Risk
C0495,Meghan Cisneros,2023-02-24,889,3,2671.22,445.2033333333333,2025-04-24,99.0,5.0,2,High Risk
C0147,Victoria Larson,2023-09-01,700,4,5521.68,690.21,2025-05-28,65.0,2.0,2,Medium Risk
C0285,Stephanie Williams,2024-05-29,429,4,2452.29,613.0725,2025-06-14,48.0,,1,Medium Risk
C0386,Chad Scott,2024-03-07,512,2,3428.62,857.155,2025-02-10,172.0,,2,High Risk
C0363,Bryan Gomez,2023-03-03,882,3,5249.5199999999995,291.64,2025-06-24,38.0,3.0,3,Medium Risk
C0042,Fred Smith,2024-04-30,458,2,697.78,348.89,2025-03-14,140.0,2.0,0,High Risk
C0374,Sergio Knight,2024-03-23,496,2,977.25,488.625,2025-01-27,186.0,,0,High Risk
C0176,Alex Hernandez,2022-12-24,951,3,4261.44,355.11999999999995,2025-05-07,86.0,2.0,2,Medium Risk
C0423,Michael Mitchell,2024-06-27,400,1,309.82,154.91,2025-06-17,45.0,3.0,0,Medium Risk
C0249,Jose Travis,2022-12-08,967,2,3822.5099999999998,637.0849999999999,2025-07-07,25.0,3.333333,0,Low Risk
C0287,Joseph Knight,2024-01-30,549,1,2135.88,711.96,2024-09-15,320.0,2.333333,1,High Risk
C0255,Cynthia Moore,2023-08-05,727,1,120.8,120.8,2025-04-26,97.0,3.0,1,High Risk
C0403,Mary Thompson,2024-04-12,476,1,870.22,870.22,2025-01-23,190.0,5.0,1,High Risk
C0278,Marie Christian,2023-02-20,893,2,5384.68,673.085,2024-12-16,228.0,3.5,2,High Risk
C0227,Kirk Carter,2022-10-17,1019,6,13609.08,567.045,2025-06-10,52.0,1.75,0,Medium Risk
C0312,Victor Taylor,2022-10-14,1022,2,855.7399999999999,213.93499999999997,2024-10-20,285.0,,2,High Risk
C0354,Michael Farrell,2023-10-18,653,4,3571.4399999999996,446.42999999999995,2024-12-10,234.0,,2,High Risk
C0485,Jasmine Beltran,2023-12-21,589,2,505.36,63.17,2025-06-17,45.0,,4,Medium Risk
C0089,Lisa Archer,2023-07-20,743,2,1724.1000000000001,431.02500000000003,2025-04-28,95.0,4.5,0,High Risk
C0016,Brian Ramirez,2023-09-23,678,2,1121.93,560.965,2024-09-22,313.0,,1,High Risk
C0372,Debra White,2023-10-10,661,2,2386.2,596.55,2025-02-05,177.0,4.0,2,High Risk
C0015,Dylan Miller,2024-06-22,405,3,2171.26,723.7533333333334,2025-06-25,37.0,,0,Medium Risk
C0446,Tracy Montoya,2023-09-11,690,3,731.78,121.96333333333332,2024-12-31,213.0,4.5,1,High Risk
C0406,Madison Weber,2022-08-07,1090,3,5642.44,470.2033333333333,2025-06-18,44.0,3.0,2,Medium Risk
C0397,Jennifer Collins,2024-01-25,554,3,2452.14,408.69,2025-02-19,163.0,2.5,0,High Risk
C0416,Antonio Garcia,2023-05-30,794,4,15564.0,486.375,2025-06-05,57.0,3.0,4,Medium Risk
C0425,Felicia Aguilar,2024-05-21,437,2,7275.36,909.42,2025-06-08,54.0,2.0,4,Medium Risk
C0068,Carol Tucker,2022-10-29,1007,1,938.01,938.01,2024-07-19,378.0,4.0,1,High Risk
C0124,Michelle Harmon,2022-11-09,996,1,407.48,407.48,2025-05-26,67.0,,1,Medium Risk
C0336,Andrea Hubbard,2023-07-16,747,1,222.63,74.21,2025-04-17,106.0,,3,High Risk
C0192,Karen Graham,2024-03-30,489,2,10163.97,564.665,2025-04-25,98.0,3.0,3,High Risk
C0352,Kimberly Nguyen,2024-04-28,460,2,90.16,45.08,2025-05-09,84.0,,1,Medium Risk
C0441,Jeremy Mitchell,2022-11-25,980,1,386.62,386.62,2025-06-03,59.0,4.0,0,Medium Risk
C0174,Matthew Harrington,2023-02-04,909,2,1117.27,558.635,2025-04-08,115.0,5.0,0,High Risk
C0438,Christopher Guerra,2023-08-26,706,1,1612.16,403.04,2025-06-19,43.0,5.0,2,Medium Risk
C0220,Bailey Duran DDS,2023-04-27,827,1,2867.56,716.89,2024-08-15,351.0,2.0,2,High Risk
C0078,Megan Young,2024-03-29,490,1,952.29,952.29,2025-04-28,95.0,3.0,0,High Risk
C0321,Susan Turner,2023-04-23,831,1,2668.68,667.17,2025-06-18,44.0,3.0,2,Medium Risk
C0153,Denise Jones,2023-10-08,663,4,5597.91,466.4925,2025-03-11,143.0,,3,High Risk
C0391,Thomas Atkins,2022-08-22,1075,3,617.8199999999999,205.93999999999997,2025-03-21,133.0,2.0,1,High Risk
C0054,Mark Perez,2022-11-13,992,2,411.4,205.7,2025-04-20,103.0,,1,High Risk
C0303,Megan Le,2023-08-09,723,3,4118.64,686.44,2025-04-30,93.0,2.0,1,High Risk
C0281,Amanda Jones,2024-05-02,456,2,201.76999999999998,100.88499999999999,2025-03-09,145.0,4.0,0,High Risk
C0041,Paula Moreno,2023-12-25,585,3,1604.9099999999999,534.9699999999999,2025-05-28,65.0,,0,Medium Risk
C0193,Debra Christian,2024-04-01,487,3,4818.48,803.0799999999999,2025-03-24,130.0,,2,High Risk
C0500,Phillip Berry,2023-04-09,845,4,4162.22,520.2775,2025-06-05,57.0,4.0,2,Medium Risk
C0014,Michele Williams,2023-05-10,814,4,4355.62,544.4525,2025-05-13,80.0,2.0,1,Medium Risk
C0365,Tracy Burke,2024-04-07,481,3,1898.74,632.9133333333333,2025-04-22,101.0,2.0,1,High Risk
C0497,Austin Osborne,2023-02-22,891,4,5397.15,449.7625,2025-03-11,143.0,2.333333,1,High Risk
C0371,Allison Hickman,2023-06-02,791,3,7949.28,662.4399999999999,2025-02-05,177.0,4.0,1,High Risk
C0082,Mike Allen,2024-05-30,428,4,2538.9,634.725,2025-01-24,189.0,2.0,1,High Risk
C0197,Daniel Salinas,2023-07-01,762,1,1599.72,399.93,2024-08-02,364.0,3.0,2,High Risk
C0027,Justin Baker,2024-06-24,403,4,2935.95,733.9875,2025-04-27,96.0,,1,High Risk
C0190,Jessica Gross,2023-07-24,739,1,879.68,219.92,2024-09-02,333.0,3.5,1,High Risk
C0149,Kathy Rivas,2023-08-08,724,2,5140.24,642.53,2024-10-08,297.0,4.0,1,High Risk
C0009,Gabrielle Davis,2022-08-03,1094,5,3032.8599999999997,606.5719999999999,2025-05-05,88.0,,0,Medium Risk
C0237,Andrew Reynolds,2023-11-03,637,4,30027.3,750.6825,2025-06-26,36.0,2.6,2,Medium Risk
C0268,Colin Terry,2022-08-20,1077,3,2735.25,303.9166666666667,2025-04-06,117.0,1.0,3,High Risk
C0292,Stephanie Byrd,2022-08-18,1079,1,1288.5,429.5,2025-05-24,69.0,,3,Medium Risk
C0267,Kimberly Gibson,2023-04-14,840,3,1965.91,655.3033333333334,2025-04-21,102.0,3.0,1,High Risk
C0148,Stephanie Salazar,2022-09-24,1042,3,1582.6599999999999,527.5533333333333,2025-06-03,59.0,5.0,1,Medium Risk
C0337,Daniel Kane,2023-08-21,711,2,5763.0,480.25,2025-06-02,60.0,2.833333,0,Medium Risk
C0275,Joyce Bowen,2023-12-04,606,1,105.71,105.71,2025-05-31,62.0,,0,Medium Risk
C0101,Sandra Aguilar,2023-06-28,765,1,455.87,455.87,2025-06-26,36.0,2.0,1,Medium Risk
C0044,Anthony Humphrey,2023-12-14,596,1,3034.4,758.6,2024-08-22,344.0,3.75,1,High Risk
C0489,Bobby Guerrero,2023-05-16,808,2,1574.66,787.33,2025-03-29,125.0,,1,High Risk
C0407,Lori Hernandez,2023-10-01,670,1,3516.76,879.19,2025-03-29,125.0,3.0,2,High Risk
C0402,Craig Morrison,2022-11-05,1000,3,2956.2200000000003,492.7033333333334,2025-06-08,54.0,,2,Medium Risk
C0171,Jamie Walton,2023-11-24,616,1,642.0,160.5,2025-06-08,54.0,2.0,2,Medium Risk
C0376,Paul Lewis,2024-01-28,551,3,4113.360000000001,685.5600000000001,2025-07-05,27.0,,2,Low Risk
C0493,William Gould,2024-03-29,490,2,3185.44,796.36,2024-08-26,340.0,3.0,0,High Risk
C0245,Shannon Rivera,2024-07-08,389,1,1607.04,803.52,2025-01-16,197.0,4.0,2,High Risk
C0440,Jason Rhodes,2023-03-14,871,4,2062.5699999999997,515.6424999999999,2025-04-11,112.0,,1,High Risk
C0340,David Thompson,2023-10-27,644,2,4814.82,401.23499999999996,2025-06-12,50.0,3.5,3,Medium Risk
C0177,Michael Elliott,2024-02-29,519,3,3611.3199999999997,601.8866666666667,2025-04-21,102.0,3.0,1,High Risk
C0003,Angie Henderson,2023-05-19,805,3,4779.39,531.0433333333334,2025-06-24,38.0,,3,Medium Risk
C0362,Laurie Hoffman,2023-09-24,677,2,579.6199999999999,289.80999999999995,2024-10-30,275.0,,1,High Risk
C0130,Megan Orr,2024-01-15,564,2,1167.05,583.525,2025-06-18,44.0,,1,Medium Risk
C0025,Matthew Foster,2023-02-20,893,4,14807.94,616.9975000000001,2025-05-20,73.0,3.0,3,Medium Risk
C0102,Cameron Parker,2023-07-10,753,2,928.01,464.005,2025-04-11,112.0,2.0,1,High Risk
C0244,Brandon Bailey MD,2023-03-25,860,1,582.6,582.6,2024-08-23,343.0,4.0,0,High Risk
C0047,John Pierce,2022-09-02,1064,2,1781.71,890.855,2025-03-30,124.0,,1,High Risk
C0103,Rebecca Valencia,2023-12-24,586,2,3439.8,859.95,2025-05-20,73.0,3.5,1,Medium Risk
C0301,Tanner Mitchell DDS,2022-09-09,1057,4,2094.0299999999997,523.5074999999999,2025-05-03,90.0,,0,Medium Risk
C0477,Robin Brown,2024-07-08,389,5,1209.0600000000002,241.81200000000004,2025-07-01,31.0,,0,Medium Risk
C0260,Mrs. Kristen Reyes,2022-09-21,1045,1,182.7,91.35,2025-03-19,135.0,,2,High Risk
C0145,Amber Wright,2023-03-06,879,2,4517.4,752.9,2025-05-20,73.0,2.666667,0,Medium Risk
C0105,Richard Henson,2023-04-07,847,2,1777.08,444.27,2025-02-14,168.0,3.0,0,High Risk
C0123,April Frost,2023-08-20,712,2,2293.14,573.285,2025-05-29,64.0,,2,Medium Risk
C0037,Sherri Baker,2024-01-19,560,3,793.64,264.5466666666667,2025-04-17,106.0,1.0,1,High Risk
C0316,Jordan Chambers,2023-04-29,825,2,933.99,466.995,2025-03-25,129.0,4.0,1,High Risk
C0347,Sharon Boyd,2023-03-18,867,1,1246.78,623.39,2024-08-23,343.0,,2,High Risk
C0353,Kerry Chavez DDS,2023-03-03,882,3,1238.9299999999998,412.97666666666663,2024-12-29,215.0,,0,High Risk
C0304,Sara Fuller,2023-06-28,765,1,806.94,806.94,2025-03-07,147.0,1.0,1,High Risk
C0155,Brenda Hall,2022-11-23,982,2,1914.92,478.73,2025-05-12,81.0,3.0,2,Medium Risk
C0045,Angelica Tucker,2023-04-09,845,2,944.1,157.35,2025-07-09,23.0,1.0,3,Low Risk
C0031,Rebecca Henderson,2022-10-27,1009,1,933.78,933.78,2025-06-03,59.0,2.0,1,Medium Risk
C0206,David Martinez,2022-12-19,956,2,1610.13,268.355,2025-05-12,81.0,2.0,3,Medium Risk
C0233,Christopher Parker,2022-08-22,1075,3,1932.22,644.0733333333334,2025-06-20,42.0,4.0,1,Medium Risk
C0430,Nancy Jennings,2024-01-13,566,2,2046.69,341.115,2024-12-11,233.0,,3,High Risk
C0157,Joshua Perry,2023-11-11,629,1,464.65,464.65,2025-06-25,37.0,,0,Medium Risk
C0236,Kathryn Snyder,2024-05-15,443,4,2589.6800000000003,647.4200000000001,2025-05-31,62.0,,1,Medium Risk
C0453,Alexander Brown,2023-11-25,615,2,1736.35,868.175,2024-08-26,340.0,,1,High Risk
C0093,Denise Jacobs,2023-05-28,796,2,4372.08,546.51,2025-05-13,80.0,,4,Medium Risk
C0026,Judy Baker,2024-01-04,575,2,1083.15,541.575,2024-11-15,259.0,2.0,1,High Risk
C0141,Cheyenne Horton,2023-09-14,687,1,1472.56,736.28,2025-06-22,40.0,2.0,2,Medium Risk
C0463,Riley Bryant,2023-03-02,883,4,5903.54,737.9425,2025-04-12,111.0,5.0,1,High Risk
C0344,Nichole Alvarez,2023-03-25,860,4,8220.72,685.06,2025-04-27,96.0,2.0,3,High Risk
C0062,Gerald Hensley,2023-04-20,834,2,5225.65,522.5649999999999,2025-04-21,102.0,,5,High Risk
C0063,Connor West,2023-08-13,719,1,1552.48,388.12,2025-02-14,168.0,3.0,2,High Risk
C0099,Jessica Smith,2023-11-24,616,2,1825.3600000000001,456.34000000000003,2025-02-24,158.0,3.5,0,High Risk
C0284,Shelia Wallace,2022-10-26,1010,1,210.46,210.46,2025-01-04,209.0,5.0,0,High Risk
C0133,Mary Marshall,2023-08-21,711,1,879.36,439.68,2024-08-23,343.0,,2,High Risk
C0314,Tracy Ballard,2022-09-27,1039,2,4713.16,589.145,2024-12-08,236.0,,4,High Risk
C0258,Kathleen Moran,2023-08-04,728,1,737.22,368.61,2025-01-22,191.0,,2,High Risk
C0163,Lindsey Walker,2024-06-30,397,2,6755.92,422.245,2025-05-25,68.0,4.0,2,Medium Risk
C0412,Lisa Hunter,2023-06-21,772,2,634.84,317.42,2025-06-02,60.0,3.0,1,Medium Risk
C0306,Kevin Oconnor,2023-09-14,687,1,267.56,267.56,2024-11-11,263.0,,0,High Risk
C0460,Ruben Dunn,2023-01-21,923,1,368.85,122.95,2024-11-02,272.0,2.666667,1,High Risk
C0271,Jasmin Alvarado,2023-08-02,730,2,5581.56,465.13000000000005,2025-02-16,166.0,4.333333,2,High Risk
C0175,Nicole Herring,2023-12-01,609,2,1748.08,218.51,2025-07-11,21.0,3.0,2,Low Risk
C0084,Paul Jones,2022-09-03,1063,4,5282.54,660.3175,2025-05-22,71.0,4.0,2,Medium Risk
C0459,Aaron Miller,2022-12-10,965,5,3003.62,300.36199999999997,2025-07-01,31.0,,2,Medium Risk
C0492,Heather Bolton,2024-03-05,514,1,1814.16,907.08,2025-06-13,49.0,3.5,0,Medium Risk
C0444,Holly Valentine,2023-09-01,700,2,1454.78,727.39,2025-05-17,76.0,2.0,1,Medium Risk
C0214,Katherine Salas,2024-02-04,544,2,9351.630000000001,519.5350000000001,2025-06-06,56.0,3.333333,3,Medium Risk
C0013,Lisa Hensley,2023-08-20,712,1,7530.16,941.27,2025-06-03,59.0,2.25,2,Medium Risk
C0379,Anthony Moore,2023-11-14,626,2,234.5,117.25,2025-04-09,114.0,2.0,0,High Risk
C0320,Connie Brown,2024-07-12,385,2,3517.94,879.485,2025-01-04,209.0,,2,High Risk
C0208,Cathy Robinson,2023-10-28,643,2,4783.25,478.325,2025-04-04,119.0,3.8,1,High Risk
C0277,Wayne Morgan,2023-07-14,749,1,1963.92,654.64,2025-01-03,210.0,4.0,3,High Risk
C0095,John Whitehead,2023-10-03,668,1,135.0,135.0,2025-01-28,185.0,1.0,1,High Risk
C0392,Laura Mckinney,2023-10-10,661,2,1096.66,274.165,2024-11-14,260.0,1.0,2,High Risk
C0225,Matthew Moore,2023-01-17,927,2,1880.46,940.23,2025-06-07,55.0,,0,Medium Risk
C0317,Lauren Carson,2024-03-22,497,1,924.75,308.25,2024-11-18,256.0,4.0,3,High Risk
C0388,James Padilla,2023-10-05,666,1,4985.9400000000005,830.9900000000001,2025-06-21,41.0,3.0,2,Medium Risk
C0127,Michelle Evans,2022-11-16,989,1,1552.28,776.14,2024-10-20,285.0,4.0,1,High Risk
C0300,Amber Obrien,2023-02-23,890,1,338.03,338.03,2025-02-05,177.0,,1,High Risk
C0150,Stephanie Manning,2023-11-23,617,1,859.68,214.92,2025-03-30,124.0,,4,High Risk
C0350,Theodore Jones Jr.,2023-11-04,636,1,997.22,498.61,2024-08-10,356.0,,2,High Risk
C0420,Jake Campbell,2023-08-07,725,2,5445.719999999999,680.7149999999999,2025-07-01,31.0,2.0,4,Medium Risk
C0018,Derek Zuniga,2023-02-02,911,1,3698.7000000000003,616.45,2025-04-28,95.0,2.333333,2,High Risk
C0298,William Barrett,2023-04-21,833,1,581.43,581.43,2025-04-05,118.0,,1,High Risk
C0411,Angela Lin,2022-07-28,1100,0,,,,,5.0,1,Low Risk
C0421,George Harper,2024-03-06,513,0,,,,,4.0,0,Low Risk
C0091,Matthew Mcmillan,2023-05-29,795,0,,,,,4.0,1,Low Risk
C0290,Briana Murray,2023-05-23,801,0,,,,,5.0,1,Low Risk
C0010,Ryan Munoz,2024-02-05,543,0,,,,,5.0,0,Low Risk
C0121,Larry Dixon,2024-04-19,469,0,,,,,,1,Low Risk
C0049,Joshua Blair,2023-09-08,693,0,,,,,,3,Low Risk
C0019,Lisa Jackson,2024-03-06,513,0,,,,,5.0,2,Low Risk
C0480,Kaylee Hays,2024-01-25,554,0,,,,,,6,Low Risk
C0135,Rebecca Jackson,2023-02-19,894,0,,,,,,1,Low Risk
C0136,Jose Schultz,2024-05-01,457,0,,,,,,2,Low Risk
C0184,Ashley Barton,2024-06-03,424,0,,,,,4.2,1,Low Risk
C0331,Vanessa Howard,2022-08-13,1084,0,,,,,4.0,2,Low Risk
C0230,Lori Guerrero,2023-01-22,922,0,,,,,,3,Low Risk
C0449,Ryan Rosales,2024-03-04,515,0,,,,,1.0,1,Low Risk
C0405,Joann Glass,2023-01-18,926,0,,,,,4.0,3,Low Risk
C0118,Ashley Waller,2024-06-20,407,0,,,,,3.0,4,Low Risk
C0167,Alyssa Long,2024-05-14,444,0,,,,,4.0,1,Low Risk
C0279,Shannon James,2023-09-03,698,0,,,,,2.0,2,Low Risk
C0431,Maria Henderson,2022-10-29,1007,0,,,,,,1,Low Risk
C0110,Sharon Cochran,2023-09-15,686,0,,,,,,4,Low Risk
C0126,Erin Edwards,2022-11-18,987,0,,,,,,2,Low Risk
C0434,Chad Jones,2023-09-22,679,0,,,,,2.0,4,Low Risk
C0001,Allison Hill,2023-08-29,703,0,,,,,2.0,0,Low Risk
C0401,Robin Young,2023-05-05,819,4,7744.4800000000005,484.03000000000003,2025-06-22,40.0,3.0,2,Medium Risk
C0261,Katie Suarez,2023-05-15,809,3,727.4,242.46666666666667,2025-06-30,32.0,,1,Medium Risk
C0243,Kevin Walters,2024-04-05,483,4,2793.2,698.3,2025-01-02,211.0,,0,High Risk
C0211,Christopher Smith,2024-05-13,445,1,1151.52,287.88,2024-10-02,303.0,3.0,2,High Risk
C0293,Jeremy Reed,2023-05-21,803,7,14221.02,677.1914285714286,2025-07-07,25.0,1.0,3,Low Risk
C0341,Allison Smith,2024-06-06,421,1,2805.27,935.09,2025-02-04,178.0,4.0,3,High Risk
C0168,Alyssa Day,2022-08-05,1092,2,848.18,424.09,2025-04-27,96.0,,1,High Risk
C0339,Scott Thomas,2022-11-06,999,1,392.92,98.23,2024-10-23,282.0,3.0,4,High Risk
C0264,Diane Evans,2023-01-16,928,4,2643.1000000000004,330.38750000000005,2025-05-31,62.0,3.0,2,Medium Risk
C0034,Nathan Maldonado,2023-06-30,763,2,747.31,373.655,2025-06-08,54.0,,0,Medium Risk
C0291,David Smith,2023-04-24,830,2,4955.9400000000005,825.9900000000001,2024-12-23,221.0,,3,High Risk
C0246,Donna Landry,2023-10-05,666,3,21132.48,587.0133333333333,2025-03-19,135.0,3.666667,4,High Risk
C0427,Jenna Larson,2024-02-05,543,2,559.62,279.81,2025-04-08,115.0,,1,High Risk
C0326,Patrick Moore,2023-08-13,719,2,1018.91,509.455,2024-11-15,259.0,,1,High Risk
C0305,Maria Parker,2024-02-27,521,4,7807.52,487.97,2025-07-12,20.0,3.5,2,Low Risk
C0445,Mrs. Diane Reyes,2023-04-05,849,4,13079.82,544.9925,2025-05-30,63.0,2.0,3,Medium Risk
C0210,Brian Lee,2023-03-13,872,2,992.5600000000001,248.14000000000001,2025-06-12,50.0,4.0,1,Medium Risk
C0414,Joanna Pacheco,2023-06-04,789,4,8589.3,429.465,2025-03-25,129.0,5.0,5,High Risk
C0324,Brandy Chavez,2022-12-15,960,2,334.15,167.075,2025-06-22,40.0,,1,Medium Risk
C0198,Spencer Haynes,2022-09-08,1058,2,1106.67,553.335,2025-02-01,181.0,2.0,0,High Risk
C0382,Paul Wilson,2023-07-17,746,4,1735.7399999999998,433.93499999999995,2025-01-06,207.0,,1,High Risk
C0052,Danny Morgan,2023-03-03,882,1,61.48,30.74,2025-04-01,122.0,3.0,2,High Risk
C0419,Jeffrey Mills,2023-05-28,796,1,1298.7,649.35,2024-10-12,293.0,4.5,1,High Risk
C0389,Sandra Drake,2023-01-06,938,2,2003.92,500.98,2025-04-04,119.0,3.0,2,High Risk
C0496,Lawrence Harrington,2022-08-15,1082,1,732.21,732.21,2024-08-31,335.0,5.0,1,High Risk
C0060,John Daniel,2022-11-26,979,2,958.18,239.545,2025-02-15,167.0,1.0,2,High Risk
C0454,Cynthia Vang,2024-03-29,490,2,762.8199999999999,381.40999999999997,2025-03-13,141.0,,0,High Risk
C0375,Charles Schultz,2024-06-11,416,3,16150.949999999999,598.1833333333333,2025-05-06,87.0,3.0,3,Medium Risk
C0205,Erin Warner,2023-07-09,754,1,1417.84,354.46,2025-04-20,103.0,5.0,2,High Risk
C0186,Dr. Hannah Patterson,2023-09-10,691,2,3138.42,784.605,2025-05-19,74.0,4.0,1,Medium Risk
C0024,Tommy Walter,2023-11-01,639,2,833.8399999999999,416.91999999999996,2025-01-07,206.0,,0,High Risk
C0451,Brittany Kim,2024-01-24,555,1,6023.7,602.37,2024-11-18,256.0,2.0,5,High Risk
C0390,Scott Williams,2024-01-25,554,2,7122.660000000001,593.5550000000001,2024-11-14,260.0,2.333333,2,High Risk
C0348,Victor Brown,2022-11-17,988,1,1173.96,586.98,2024-11-24,250.0,,2,High Risk
C0297,Laura Haney,2022-12-12,963,1,605.9,605.9,2025-02-07,175.0,,0,High Risk
C0221,Courtney Mills,2023-08-17,715,1,1472.92,368.23,2025-01-28,185.0,4.5,2,High Risk
C0207,Bryan Herrera,2023-04-04,850,1,4967.2,620.9,2025-05-10,83.0,,8,Medium Risk
C0213,Melissa Martinez,2023-03-19,866,1,1410.48,705.24,2025-04-29,94.0,3.0,1,High Risk
C0240,Yvonne Chambers,2024-05-16,442,1,427.81,427.81,2024-08-23,343.0,1.0,0,High Risk
C0100,Stephen Mckee,2022-09-09,1057,1,21.59,21.59,2025-01-24,189.0,2.0,0,High Risk
C0351,Ana Hill,2024-02-08,540,0,,,,,2.5,1,Low Risk
C0294,Margaret Coleman,2022-08-22,1075,0,,,,,3.0,1,Low Risk
C0322,Charles Shah,2024-02-20,528,0,,,,,,3,Low Risk
C0276,Matthew Moore,2023-12-18,592,0,,,,,4.0,4,Low Risk
C0368,Holly Farmer,2023-03-28,857,0,,,,,2.0,1,Low Risk
C0212,Denise Mccann,2024-01-22,557,0,,,,,,1,Low Risk
C0308,Carlos Ryan,2024-04-15,473,0,,,,,3.333333,0,Low Risk
C0280,Nathan Malone,2022-07-20,1108,2,714.6400000000001,357.32000000000005,2025-06-15,47.0,,0,Medium Risk
C0462,Eric Williams,2023-09-20,681,1,2021.46,336.91,2024-12-24,220.0,2.0,3,High Risk
C0387,Adam Burgess,2023-10-06,665,3,20106.08,837.7533333333334,2025-04-07,116.0,3.0,4,High Risk
C0038,Cassandra Gaines,2023-06-24,769,1,848.0,212.0,2025-06-05,57.0,2.0,2,Medium Risk
C0021,Margaret Hawkins DDS,2024-01-11,568,2,801.28,400.64,2024-10-24,281.0,,1,High Risk
C0488,Samantha Gardner,2024-06-08,419,0,,,,,5.0,0,Low Risk
C0231,Jessica Stephens,2022-10-31,1005,0,,,,,,1,Low Risk
C0384,Mr. Andrew Foster,2023-12-05,605,0,,,,,4.0,2,Low Risk
C0439,Rhonda Martin,2023-05-02,822,0,,,,,2.0,2,Low Risk
C0468,William Jones,2024-01-12,567,0,,,,,,1,Low Risk
C0179,Lawrence Adkins,2023-06-02,791,1,517.53,517.53,2024-10-20,285.0,,1,High Risk
C0006,Connie Lawrence,2023-02-15,898,0,,,,,1.666667,2,Low Risk
C0408,Jeremy Turner,2024-01-09,570,0,,,,,3.0,3,Low Risk
C0040,Brittany Farmer,2024-04-03,485,6,15914.220000000001,442.0616666666667,2025-05-11,82.0,2.0,2,Medium Risk
C0152,Pamela Boyd,2023-10-16,655,3,1643.49,547.83,2025-04-25,98.0,3.0,1,High Risk
C0229,Michael Bradshaw,2023-06-28,765,2,1039.0,259.75,2025-05-05,88.0,3.0,0,Medium Risk
C0471,Veronica King,2024-01-12,567,4,29552.04,615.6675,2025-03-17,137.0,2.75,3,High Risk
C0232,Susan Serrano,2022-09-27,1039,1,1291.1,645.55,2024-09-16,319.0,2.0,2,High Risk
C0143,Patricia Rodriguez,2022-10-19,1017,2,7960.5599999999995,663.38,2025-07-10,22.0,3.0,2,Low Risk
C0335,Dana Martinez,2024-03-29,490,3,1698.33,188.70333333333332,2025-04-20,103.0,1.0,3,High Risk
C0273,Jonathan Lawrence,2024-05-29,429,2,6874.5,687.45,2025-06-15,47.0,2.6,1,Medium Risk
C0183,Angela Vaughn,2023-08-04,728,2,1227.6399999999999,306.90999999999997,2025-03-21,133.0,1.0,2,High Risk
C0142,David Douglas Jr.,2023-02-12,901,1,789.03,789.03,2025-01-16,197.0,4.0,1,High Risk
C0187,Jonathan Peterson,2023-02-23,890,2,2384.4,99.35000000000001,2025-02-27,155.0,2.25,3,High Risk
C0107,Sharon Cherry,2024-05-25,433,1,103.06,51.53,2024-09-11,324.0,5.0,2,High Risk
C0218,Mark Brown,2022-10-23,1013,1,599.78,299.89,2025-01-11,202.0,2.5,1,High Risk
C0259,Denise Davenport,2022-08-01,1096,1,586.6,586.6,2025-06-15,47.0,,0,Medium Risk
C0332,Colton Martinez,2022-10-28,1008,2,2408.6800000000003,602.1700000000001,2025-06-23,39.0,2.5,1,Medium Risk
C0170,Daniel Murphy,2022-08-18,1079,3,5098.76,849.7933333333334,2025-04-06,117.0,,2,High Risk
C0160,Jamie Smith,2023-10-27,644,3,2417.7799999999997,805.9266666666666,2025-05-08,85.0,4.0,1,Medium Risk
C0437,Ralph Anderson,2023-07-20,743,2,1311.98,655.99,2025-01-03,210.0,,1,High Risk
C0077,Angela Lopez,2023-07-12,751,2,323.17,161.585,2025-04-13,110.0,2.0,1,High Risk
C0074,Lauren Daniels,2023-09-17,684,1,1507.72,753.86,2025-03-05,149.0,,2,High Risk
C0079,Steve Sanchez,2023-09-15,686,2,216.25,108.125,2025-04-09,114.0,,1,High Risk
C0373,Ellen Morgan,2023-03-09,876,1,130.17,130.17,2025-03-08,146.0,,1,High Risk
C0241,Andrew Avila,2024-06-13,414,2,854.15,427.075,2025-03-19,135.0,3.0,1,High Risk
C0360,Ronald Davis,2023-07-29,734,2,8269.0,413.45,2025-07-05,27.0,3.4,2,Low Risk
C0484,Steve Paul,2023-10-02,669,1,492.7,492.7,2024-11-04,270.0,,0,High Risk
C0204,Joseph Coleman,2023-07-25,738,2,882.9000000000001,147.15,2025-03-22,132.0,,3,High Risk
C0058,Richard Aguirre,2024-01-08,571,2,9910.880000000001,619.4300000000001,2025-04-08,115.0,2.75,2,High Risk
C0465,Jose Allen,2023-03-02,883,1,1344.66,672.33,2025-01-15,198.0,4.0,2,High Risk
C0022,Patty Perez,2023-06-25,768,3,3222.0600000000004,537.0100000000001,2025-07-03,29.0,4.0,2,Low Risk
C0228,Michael Warner,2023-02-06,907,2,938.13,469.065,2025-07-01,31.0,4.0,0,Medium Risk
C0090,Aimee Montoya,2023-08-26,706,2,2182.46,545.615,2025-03-10,144.0,1.0,1,High Risk
C0436,Sophia Johnson,2023-12-10,600,1,612.44,612.44,2025-03-12,142.0,5.0,0,High Risk
C0257,Susan Murray MD,2023-03-10,875,1,211.73,211.73,2025-05-13,80.0,,1,Medium Risk
C0023,Ethan Adams,2022-12-27,948,1,646.14,646.14,2025-03-31,123.0,,1,High Risk
C0032,James Ferrell,2024-05-06,452,1,663.7,331.85,2024-12-06,238.0,4.0,1,High Risk
C0116,Diana May,2023-06-15,778,1,3439.04,859.76,2024-11-13,261.0,4.0,2,High Risk
C0106,Marc Moore,2022-10-21,1015,1,1413.3,706.65,2024-08-17,349.0,3.5,0,High Risk
C0383,Douglas Gregory,2023-02-05,908,2,4633.85,463.38500000000005,2025-07-04,28.0,5.0,5,Low Risk
C0447,Brenda Wright,2023-04-15,839,1,288.65999999999997,96.21999999999998,2025-04-26,97.0,4.0,0,High Risk
C0125,Helen Jones,2023-03-07,878,1,1195.44,597.72,2025-04-18,105.0,,2,High Risk
C0334,Linda Smith,2023-03-29,856,1,563.06,563.06,2024-08-15,351.0,,0,High Risk
C0417,Gwendolyn Klein,2024-01-01,578,1,918.9,918.9,2025-05-13,80.0,5.0,1,Medium Risk
C0361,Parker Cain,2024-01-15,564,1,226.88,226.88,2025-06-13,49.0,,0,Medium Risk
C0325,Natalie Bautista,2023-10-24,647,1,847.15,847.15,2024-12-29,215.0,2.0,1,High Risk
C0083,Michael Evans,2022-09-18,1048,0,,,,,2.0,1,Low Risk
C0253,Tanya Kim,2023-08-17,715,0,,,,,3.0,2,Low Risk
C0265,Yvonne Burns,2022-12-28,947,0,,,,,2.0,1,Low Risk
C0346,Theresa Williams,2023-11-02,638,0,,,,,3.0,2,Low Risk
C0180,Robert Oconnell,2023-11-06,634,0,,,,,2.333333,0,Low Risk
C0433,Travis Tucker,2022-12-22,953,0,,,,,2.666667,4,Low Risk
C0048,Shane Henderson,2023-09-14,687,0,,,,,4.0,4,Low Risk
C0028,Stephanie Ross,2023-07-30,733,0,,,,,4.0,4,Low Risk
C0369,Renee Bruce,2023-12-19,591,0,,,,,,3,Low Risk
C0139,David Alvarez,2022-12-13,962,0,,,,,2.5,3,Low Risk
C0138,Courtney Gonzalez,2023-01-24,920,0,,,,,3.0,4,Low Risk
C0094,Christina Walters,2024-04-13,475,0,,,,,4.333333,3,Low Risk
C0144,Christopher Rubio,2023-11-11,629,0,,,,,,2,Low Risk
C0254,Barbara Dudley,2023-07-11,752,0,,,,,3.0,0,Low Risk
C0358,Jeffery Ortega,2023-08-13,719,0,,,,,3.0,1,Low Risk
C0203,Elizabeth Perkins,2023-06-01,792,0,,,,,4.0,1,Low Risk
C0457,Dustin Gallegos,2023-10-30,641,0,,,,,3.0,1,Low Risk
C0030,Anthony Rodriguez,2022-10-17,1019,0,,,,,4.0,1,Low Risk
C0487,Monica Miller,2023-05-04,820,0,,,,,4.0,1,Low Risk
C0252,Olivia Harris,2023-08-05,727,0,,,,,2.0,1,Low Risk
C0070,William Baker,2024-03-18,501,0,,,,,3.0,1,Low Risk
C0343,Anthony Harmon,2022-10-30,1006,0,,,,,2.0,2,Low Risk
C0286,Elaine Brooks,2023-02-04,909,0,,,,,4.0,0,Low Risk
C0248,Frank Cordova,2023-03-13,872,0,,,,,,0,Low Risk
C0377,Glen Wood,2024-05-21,437,3,1503.79,501.2633333333333,2025-07-12,20.0,5.0,0,Low Risk
C0499,Meghan Rush,2022-09-13,1053,1,4991.8,998.36,2025-03-15,139.0,1.0,5,High Risk
C0033,Tricia Valencia,2022-09-09,1057,1,852.11,852.11,2025-03-31,123.0,,0,High Risk
C0367,Courtney Rodriguez,2023-04-26,828,1,1056.32,528.16,2025-04-14,109.0,4.0,0,High Risk
C0071,Jordan Henderson,2023-08-01,731,0,,,,,,3,Low Risk
C0299,Keith Jennings,2023-09-16,685,0,,,,,4.0,2,Low Risk
C0043,Sherry Decker,2023-03-19,866,0,,,,,,1,Low Risk
C0327,Brett Burns,2023-05-21,803,0,,,,,3.0,1,Low Risk
C0189,Madison Poole,2023-03-05,880,0,,,,,3.0,1,Low Risk
C0050,Eric Carney,2023-02-24,889,2,1043.3999999999999,260.84999999999997,2025-03-28,126.0,3.0,2,High Risk
C0238,David Davis,2023-06-03,790,1,1022.4,511.2,2025-06-26,36.0,1.5,1,Medium Risk
C0156,Michelle Brown,2023-12-07,603,0,,,,,3.0,3,Low Risk
C0456,Marie Moody,2023-02-04,909,0,,,,,3.0,1,Low Risk
